[{"authors":["admin"],"categories":null,"content":" This is a platform for interviewing and initial contact when working from home. If you have any questions, please contact me using the form at the bottom of the page (for simple tasks, just leave a note with instructions on my desk). Strong: R, Stata Developing: Python, Matlab  ","date":-62135596800,"expirydate":-62135596800,"kind":"taxonomy","lang":"en","lastmod":1623385904,"objectID":"2525497d367e79493fd32b198b28f040","permalink":"https://toshikazu08.netlify.app/author/takano-toshikazu/","publishdate":"0001-01-01T00:00:00Z","relpermalink":"/author/takano-toshikazu/","section":"authors","summary":"This is a platform for interviewing and initial contact when working from home. If you have any questions, please contact me using the form at the bottom of the page (for simple tasks, just leave a note with instructions on my desk).","tags":null,"title":"TAKANO Toshikazu","type":"authors"}]