<?xml version="1.0" encoding="utf-8" standalone="yes"?><rss version="2.0" xmlns:atom="http://www.w3.org/2005/Atom"><channel><title>Recent &amp; Upcoming Talks | Contact Form</title><link>https://toshikazu08.netlify.app/talk/</link><atom:link href="https://toshikazu08.netlify.app/talk/index.xml" rel="self" type="application/rss+xml"/><description>Recent &amp; Upcoming Talks</description><generator>Source Themes Academic (https://sourcethemes.com/academic/)</generator><language>en-us</language><copyright>Opinions are my own and not the views of my employment</copyright><image><url>https://toshikazu08.netlify.app/images/icon_hu0b7a4cb9992c9ac0e91bd28ffd38dd00_9727_512x512_fill_lanczos_center_2.png</url><title>Recent &amp; Upcoming Talks</title><link>https://toshikazu08.netlify.app/talk/</link></image></channel></rss>