<?xml version="1.0" encoding="utf-8" standalone="yes"?><rss version="2.0" xmlns:atom="http://www.w3.org/2005/Atom"><channel><title>TAKANO Toshikazu | Contact Form</title><link>https://toshikazu08.netlify.app/author/takano-toshikazu/</link><atom:link href="https://toshikazu08.netlify.app/author/takano-toshikazu/index.xml" rel="self" type="application/rss+xml"/><description>TAKANO Toshikazu</description><generator>Source Themes Academic (https://sourcethemes.com/academic/)</generator><language>en-us</language><copyright>Opinions are my own and not the views of my employment</copyright><image><url>https://toshikazu08.netlify.app/author/takano-toshikazu/avatar.jpg_hu805fd1d0860127f0abb6e09479bee99d_24376_270x270_fill_q90_lanczos_center.jpg</url><title>TAKANO Toshikazu</title><link>https://toshikazu08.netlify.app/author/takano-toshikazu/</link></image></channel></rss>